table,period,category,response_option,geography,measure,value,source_pdf_page,source_printed_page,source_note
1a,P1,gender,Males (M),TUR,count,12,12,143,
1a,P1,gender,Males (M),TUR,percent,27.9,12,143,
1a,P1,gender,Females (F),TUR,count,31,12,143,
1a,P1,gender,Females (F),TUR,percent,72.1,12,143,"TUR female percentage typography normalized from 72.,1 to 72.1."
1a,P1,gender,Males (M),B&H,count,17,12,143,
1a,P1,gender,Males (M),B&H,percent,24.6,12,143,
1a,P1,gender,Females (F),B&H,count,52,12,143,
1a,P1,gender,Females (F),B&H,percent,75.4,12,143,
1a,P1,gender,Males (M),RNM,count,27,12,143,
1a,P1,gender,Males (M),RNM,percent,65.9,12,143,
1a,P1,gender,Females (F),RNM,count,14,12,143,
1a,P1,gender,Females (F),RNM,percent,34.1,12,143,
1a,P1,gender,Males (M),POL,count,12,12,143,
1a,P1,gender,Males (M),POL,percent,20.7,12,143,
1a,P1,gender,Females (F),POL,count,45,12,143,
1a,P1,gender,Females (F),POL,percent,79.3,12,143,
1a,P1,gender,Males (M),ALL,count,69,12,143,
1a,P1,gender,Males (M),ALL,percent,33,12,143,
1a,P1,gender,Females (F),ALL,count,142,12,143,
1a,P1,gender,Females (F),ALL,percent,67,12,143,
1a,P1,gender,TOTAL,ALL,total_count,211,12,143,
1b,P2,gender,Males (M),TUR,count,28,12,143,
1b,P2,gender,Males (M),TUR,percent,46.7,12,143,
1b,P2,gender,Females (F),TUR,count,32,12,143,
1b,P2,gender,Females (F),TUR,percent,53.3,12,143,
1b,P2,gender,Males (M),B&H,count,11,12,143,
1b,P2,gender,Males (M),B&H,percent,23.9,12,143,
1b,P2,gender,Females (F),B&H,count,31,12,143,
1b,P2,gender,Females (F),B&H,percent,67.4,12,143,
1b,P2,gender,Prefer not to say,B&H,count,4,12,143,
1b,P2,gender,Prefer not to say,B&H,percent,8.7,12,143,
1b,P2,gender,Males (M),RNM,count,33,12,143,
1b,P2,gender,Males (M),RNM,percent,67.3,12,143,
1b,P2,gender,Females (F),RNM,count,16,12,143,
1b,P2,gender,Females (F),RNM,percent,32.7,12,143,
1b,P2,gender,Males (M),POL,count,5,12,143,
1b,P2,gender,Males (M),POL,percent,16.7,12,143,
1b,P2,gender,Females (F),POL,count,23,12,143,
1b,P2,gender,Females (F),POL,percent,76.7,12,143,
1b,P2,gender,Prefer not to say,POL,count,2,12,143,
1b,P2,gender,Prefer not to say,POL,percent,6.6,12,143,
1b,P2,gender,Males (M),ALL,count,77,12,143,
1b,P2,gender,Males (M),ALL,percent,42,12,143,
1b,P2,gender,Females (F),ALL,count,102,12,143,
1b,P2,gender,Females (F),ALL,percent,55,12,143,
1b,P2,gender,Prefer not to say,ALL,count,6,12,143,
1b,P2,gender,Prefer not to say,ALL,percent,3,12,143,
1b,P2,gender,TOTAL,ALL,total_count,185,12,143,
2a,P1,language_proficiency,B2,TUR,count,3,13,144,
2a,P1,language_proficiency,B2,TUR,percent,7.0,13,144,
2a,P1,language_proficiency,C1,TUR,count,8,13,144,
2a,P1,language_proficiency,C1,TUR,percent,18.6,13,144,
2a,P1,language_proficiency,C2,TUR,count,23,13,144,
2a,P1,language_proficiency,C2,TUR,percent,53.5,13,144,
2a,P1,language_proficiency,No answer,TUR,count,9,13,144,
2a,P1,language_proficiency,No answer,TUR,percent,20.9,13,144,
2a,P1,language_proficiency,B1,B&H,count,2,13,144,
2a,P1,language_proficiency,B1,B&H,percent,2.9,13,144,
2a,P1,language_proficiency,B2,B&H,count,15,13,144,
2a,P1,language_proficiency,B2,B&H,percent,21.7,13,144,
2a,P1,language_proficiency,C1,B&H,count,27,13,144,
2a,P1,language_proficiency,C1,B&H,percent,39.1,13,144,
2a,P1,language_proficiency,C2,B&H,count,19,13,144,
2a,P1,language_proficiency,C2,B&H,percent,27.5,13,144,
2a,P1,language_proficiency,No answer,B&H,count,6,13,144,
2a,P1,language_proficiency,No answer,B&H,percent,8.7,13,144,
2a,P1,language_proficiency,A1,RNM,count,4,13,144,
2a,P1,language_proficiency,A1,RNM,percent,9.8,13,144,
2a,P1,language_proficiency,A2,RNM,count,3,13,144,
2a,P1,language_proficiency,A2,RNM,percent,7.3,13,144,
2a,P1,language_proficiency,B1,RNM,count,4,13,144,
2a,P1,language_proficiency,B1,RNM,percent,9.8,13,144,
2a,P1,language_proficiency,B2,RNM,count,10,13,144,
2a,P1,language_proficiency,B2,RNM,percent,24.4,13,144,
2a,P1,language_proficiency,C1,RNM,count,13,13,144,
2a,P1,language_proficiency,C1,RNM,percent,31.7,13,144,
2a,P1,language_proficiency,C2,RNM,count,5,13,144,
2a,P1,language_proficiency,C2,RNM,percent,12.2,13,144,
2a,P1,language_proficiency,No answer,RNM,count,2,13,144,
2a,P1,language_proficiency,No answer,RNM,percent,4.9,13,144,
2a,P1,language_proficiency,B2,POL,count,5,13,144,
2a,P1,language_proficiency,B2,POL,percent,8.6,13,144,
2a,P1,language_proficiency,C1,POL,count,31,13,144,
2a,P1,language_proficiency,C1,POL,percent,53.4,13,144,
2a,P1,language_proficiency,C2,POL,count,12,13,144,
2a,P1,language_proficiency,C2,POL,percent,20.7,13,144,
2a,P1,language_proficiency,No answer,POL,count,10,13,144,
2a,P1,language_proficiency,No answer,POL,percent,17.2,13,144,
2a,P1,language_proficiency,A1,ALL,count,4,13,144,
2a,P1,language_proficiency,A1,ALL,percent,1.9,13,144,
2a,P1,language_proficiency,A2,ALL,count,3,13,144,
2a,P1,language_proficiency,A2,ALL,percent,1.4,13,144,
2a,P1,language_proficiency,B1,ALL,count,6,13,144,
2a,P1,language_proficiency,B1,ALL,percent,2.8,13,144,
2a,P1,language_proficiency,B2,ALL,count,33,13,144,
2a,P1,language_proficiency,B2,ALL,percent,15.6,13,144,
2a,P1,language_proficiency,C1,ALL,count,79,13,144,
2a,P1,language_proficiency,C1,ALL,percent,37.4,13,144,
2a,P1,language_proficiency,C2,ALL,count,59,13,144,
2a,P1,language_proficiency,C2,ALL,percent,28.0,13,144,
2a,P1,language_proficiency,No answer,ALL,count,27,13,144,
2a,P1,language_proficiency,No answer,ALL,percent,12.8,13,144,
2b,P2,language_proficiency,A1,RNM,count,1,14,145,
2b,P2,language_proficiency,A1,RNM,percent,2.0,14,145,
2b,P2,language_proficiency,B1,B&H,count,1,14,145,
2b,P2,language_proficiency,B1,B&H,percent,2.2,14,145,
2b,P2,language_proficiency,B1,RNM,count,4,14,145,
2b,P2,language_proficiency,B1,RNM,percent,8.2,14,145,
2b,P2,language_proficiency,B2,TUR,count,4,14,145,
2b,P2,language_proficiency,B2,TUR,percent,6.7,14,145,
2b,P2,language_proficiency,B2,B&H,count,11,14,145,
2b,P2,language_proficiency,B2,B&H,percent,23.9,14,145,
2b,P2,language_proficiency,B2,RNM,count,15,14,145,
2b,P2,language_proficiency,B2,RNM,percent,30.6,14,145,
2b,P2,language_proficiency,B2,POL,count,1,14,145,
2b,P2,language_proficiency,B2,POL,percent,3.3,14,145,
2b,P2,language_proficiency,C1,TUR,count,32,14,145,
2b,P2,language_proficiency,C1,TUR,percent,53.3,14,145,
2b,P2,language_proficiency,C1,B&H,count,18,14,145,
2b,P2,language_proficiency,C1,B&H,percent,39.1,14,145,
2b,P2,language_proficiency,C1,RNM,count,20,14,145,
2b,P2,language_proficiency,C1,RNM,percent,40.8,14,145,
2b,P2,language_proficiency,C1,POL,count,21,14,145,
2b,P2,language_proficiency,C1,POL,percent,70.0,14,145,
2b,P2,language_proficiency,C2,TUR,count,24,14,145,
2b,P2,language_proficiency,C2,TUR,percent,40.0,14,145,
2b,P2,language_proficiency,C2,B&H,count,15,14,145,
2b,P2,language_proficiency,C2,B&H,percent,32.6,14,145,
2b,P2,language_proficiency,C2,RNM,count,9,14,145,
2b,P2,language_proficiency,C2,RNM,percent,18.4,14,145,
2b,P2,language_proficiency,C2,POL,count,8,14,145,
2b,P2,language_proficiency,C2,POL,percent,26.7,14,145,
2b,P2,language_proficiency,No answer,B&H,count,1,14,145,
2b,P2,language_proficiency,No answer,B&H,percent,2.2,14,145,
2b,P2,language_proficiency,A1,ALL,count,1,14,145,
2b,P2,language_proficiency,A1,ALL,percent,0.5,14,145,
2b,P2,language_proficiency,A2,ALL,count,0,14,145,
2b,P2,language_proficiency,A2,ALL,percent,0.0,14,145,
2b,P2,language_proficiency,B1,ALL,count,5,14,145,
2b,P2,language_proficiency,B1,ALL,percent,2.7,14,145,
2b,P2,language_proficiency,B2,ALL,count,31,14,145,
2b,P2,language_proficiency,B2,ALL,percent,16.8,14,145,
2b,P2,language_proficiency,C1,ALL,count,91,14,145,
2b,P2,language_proficiency,C1,ALL,percent,49.2,14,145,
2b,P2,language_proficiency,C2,ALL,count,56,14,145,
2b,P2,language_proficiency,C2,ALL,percent,30.3,14,145,
2b,P2,language_proficiency,No answer,ALL,count,1,14,145,
2b,P2,language_proficiency,No answer,ALL,percent,0.5,14,145,
3,P2,crowdsourcing_resource_category,Language learning and teaching platforms,ALL,count,121,17,148,"Multiple-response resource mentions, not unique respondents."
3,P2,crowdsourcing_resource_category,Language learning and teaching platforms,ALL,percent,25.9,17,148,"Multiple-response resource mentions, not unique respondents."
3,P2,crowdsourcing_resource_category,Online dictionaries,ALL,count,82,17,148,"Multiple-response resource mentions, not unique respondents."
3,P2,crowdsourcing_resource_category,Online dictionaries,ALL,percent,17.5,17,148,"Multiple-response resource mentions, not unique respondents."
3,P2,crowdsourcing_resource_category,Professional development and collaboration platforms,ALL,count,70,17,148,"Multiple-response resource mentions, not unique respondents."
3,P2,crowdsourcing_resource_category,Professional development and collaboration platforms,ALL,percent,15,17,148,"Multiple-response resource mentions, not unique respondents."
3,P2,crowdsourcing_resource_category,Game-based platforms,ALL,count,65,17,148,"Multiple-response resource mentions, not unique respondents."
3,P2,crowdsourcing_resource_category,Game-based platforms,ALL,percent,13.9,17,148,"Multiple-response resource mentions, not unique respondents."
3,P2,crowdsourcing_resource_category,(Digital) TV channels and news media websites,ALL,count,62,17,148,"Multiple-response resource mentions, not unique respondents."
3,P2,crowdsourcing_resource_category,(Digital) TV channels and news media websites,ALL,percent,13.2,17,148,"Multiple-response resource mentions, not unique respondents."
3,P2,crowdsourcing_resource_category,Translation and grammar monitoring platforms,ALL,count,58,17,148,"Multiple-response resource mentions, not unique respondents."
3,P2,crowdsourcing_resource_category,Translation and grammar monitoring platforms,ALL,percent,12.4,17,148,"Multiple-response resource mentions, not unique respondents."
3,P2,crowdsourcing_resource_category,Social media messaging apps,ALL,count,6,17,148,"Multiple-response resource mentions, not unique respondents."
3,P2,crowdsourcing_resource_category,Social media messaging apps,ALL,percent,1.3,17,148,"Multiple-response resource mentions, not unique respondents."
3,P2,crowdsourcing_resource_category,None of the above,ALL,count,4,17,148,"Multiple-response resource mentions, not unique respondents."
3,P2,crowdsourcing_resource_category,None of the above,ALL,percent,0.9,17,148,"Multiple-response resource mentions, not unique respondents."
3,P2,crowdsourcing_resource_category,ALL,ALL,count,468,17,148,"Multiple-response resource mentions, not unique respondents."
3,P2,crowdsourcing_resource_category,ALL,ALL,percent,100.0,17,148,"Multiple-response resource mentions, not unique respondents."
