indicator_id,category,indicator_label,period_code,reported_percent,period_participants_n,collection_period,geography_scope,source_pdf_page,source_printed_page,source_section,source_doi
internet_access,difficulty,Unstable internet or limited internet access,FP,65.3,216,May-June 2020,Combined: Turkiye; Poland; North Macedonia; Bosnia and Herzegovina,5,158,3.3,10.14705/rpnet.2022.61.1451
internet_access,difficulty,Unstable internet or limited internet access,SP,81.8,214,December 2020-January 2021,Combined: Turkiye; Poland; North Macedonia; Bosnia and Herzegovina,5,158,3.3,10.14705/rpnet.2022.61.1451
device_access,difficulty,Limited access to technology or devices,FP,15.3,216,May-June 2020,Combined: Turkiye; Poland; North Macedonia; Bosnia and Herzegovina,5,158,3.3,10.14705/rpnet.2022.61.1451
device_access,difficulty,Limited access to technology or devices,SP,19.6,214,December 2020-January 2021,Combined: Turkiye; Poland; North Macedonia; Bosnia and Herzegovina,5,158,3.3,10.14705/rpnet.2022.61.1451
motivation,difficulty,Lack of motivation,FP,67.1,216,May-June 2020,Combined: Turkiye; Poland; North Macedonia; Bosnia and Herzegovina,5,158,3.3,10.14705/rpnet.2022.61.1451
motivation,difficulty,Lack of motivation,SP,73.4,214,December 2020-January 2021,Combined: Turkiye; Poland; North Macedonia; Bosnia and Herzegovina,5,158,3.3,10.14705/rpnet.2022.61.1451
concentration,difficulty,Difficulty concentrating during boring classes,FP,44.9,216,May-June 2020,Combined: Turkiye; Poland; North Macedonia; Bosnia and Herzegovina,5,158,3.3,10.14705/rpnet.2022.61.1451
concentration,difficulty,Difficulty concentrating during boring classes,SP,55.1,214,December 2020-January 2021,Combined: Turkiye; Poland; North Macedonia; Bosnia and Herzegovina,5,158,3.3,10.14705/rpnet.2022.61.1451
self_organisation,difficulty,Lack of personal organisation,FP,35.6,216,May-June 2020,Combined: Turkiye; Poland; North Macedonia; Bosnia and Herzegovina,5,158,3.3,10.14705/rpnet.2022.61.1451
self_organisation,difficulty,Lack of personal organisation,SP,39.7,214,December 2020-January 2021,Combined: Turkiye; Poland; North Macedonia; Bosnia and Herzegovina,5,158,3.3,10.14705/rpnet.2022.61.1451
class_overload,difficulty,Overwhelmed by the number of online classes,FP,58.8,216,May-June 2020,Combined: Turkiye; Poland; North Macedonia; Bosnia and Herzegovina,6,159,3.3,10.14705/rpnet.2022.61.1451
class_overload,difficulty,Overwhelmed by the number of online classes,SP,69.6,214,December 2020-January 2021,Combined: Turkiye; Poland; North Macedonia; Bosnia and Herzegovina,6,159,3.3,10.14705/rpnet.2022.61.1451
institution_organisation,difficulty,Lack of institutional organisation,FP,35.6,216,May-June 2020,Combined: Turkiye; Poland; North Macedonia; Bosnia and Herzegovina,6,159,3.3,10.14705/rpnet.2022.61.1451
institution_organisation,difficulty,Lack of institutional organisation,SP,39.2,214,December 2020-January 2021,Combined: Turkiye; Poland; North Macedonia; Bosnia and Herzegovina,6,159,3.3,10.14705/rpnet.2022.61.1451
institution_support,difficulty,Lack of institutional support,FP,27.8,216,May-June 2020,Combined: Turkiye; Poland; North Macedonia; Bosnia and Herzegovina,6,159,3.3,10.14705/rpnet.2022.61.1451
institution_support,difficulty,Lack of institutional support,SP,36.5,214,December 2020-January 2021,Combined: Turkiye; Poland; North Macedonia; Bosnia and Herzegovina,6,159,3.3,10.14705/rpnet.2022.61.1451
teacher_support,difficulty,Lack of teacher support,FP,34.3,216,May-June 2020,Combined: Turkiye; Poland; North Macedonia; Bosnia and Herzegovina,6,159,3.3,10.14705/rpnet.2022.61.1451
teacher_support,difficulty,Lack of teacher support,SP,43.9,214,December 2020-January 2021,Combined: Turkiye; Poland; North Macedonia; Bosnia and Herzegovina,6,159,3.3,10.14705/rpnet.2022.61.1451
computer_advanced,computer_literacy,Self-rated advanced computer literacy,FP,54.9,216,May-June 2020,Combined: Turkiye; Poland; North Macedonia; Bosnia and Herzegovina,7,160,3.5,10.14705/rpnet.2022.61.1451
computer_advanced,computer_literacy,Self-rated advanced computer literacy,SP,40.3,214,December 2020-January 2021,Combined: Turkiye; Poland; North Macedonia; Bosnia and Herzegovina,7,160,3.5,10.14705/rpnet.2022.61.1451
computer_intermediate,computer_literacy,Self-rated intermediate computer literacy,FP,41.6,216,May-June 2020,Combined: Turkiye; Poland; North Macedonia; Bosnia and Herzegovina,7,160,3.5,10.14705/rpnet.2022.61.1451
computer_intermediate,computer_literacy,Self-rated intermediate computer literacy,SP,56.4,214,December 2020-January 2021,Combined: Turkiye; Poland; North Macedonia; Bosnia and Herzegovina,7,160,3.5,10.14705/rpnet.2022.61.1451
